{
  "xgb_2x": {
    "model_name": "xgb_2x",
    "n_train": 14,
    "n_test": 3,
    "precision": 1.0,
    "recall": 0.5,
    "f1": 0.6666666666666666,
    "roc_auc": 0.5,
    "positive_rate": 0.6666666666666666,
    "trained_at": 1780715366
  },
  "xgb_rug": {
    "model_name": "xgb_rug",
    "n_train": 14,
    "n_test": 3,
    "precision": 0.0,
    "recall": 0.0,
    "f1": 0.0,
    "roc_auc": 0.5,
    "positive_rate": 0.3333333333333333,
    "trained_at": 1780715366
  },
  "random_forest": {
    "model_name": "random_forest",
    "n_train": 14,
    "n_test": 3,
    "precision": 1.0,
    "recall": 0.5,
    "f1": 0.6666666666666666,
    "roc_auc": 0.5,
    "positive_rate": 0.6666666666666666,
    "trained_at": 1780715366
  }
}